g_81	1		which man drove the car ?
g_81	0	*	the table , that i put kim on surprised kim .
g_81	1		i know a man who mary likes and hopes will win .
g_81	1		i wonder who saw bill and liked mary .
g_81	0	*	john asked who and what bought .
g_81	1		tony used to be and george still is very suspicious .
g_81	1		the dodgers beat the red sox and the dodgers were beaten by the giants .
g_81	1		the dodgers beat the red sox and the giants beat the dodgers .
g_81	1		different teams beat the red sox and were beaten by the giants .
g_81	1		john gave the books to mary and the records to sue .
g_81	1		how many did you buy of those pies at the fair ?
g_81	1		how many have you given of these books to these people .
g_81	0	*	the man chased fido returned .
g_81	1		the man that chased fido returned .
g_81	1		the man i think chased fido returned .
g_81	0	*	the man i think that chased fido returned .
g_81	1		the man who i think chased fido returned .
g_81	0	*	the man who i think that chased fido returned .
g_81	1		who did you think mary saw ?
g_81	1		how slowly would you say he was driving ?
g_81	1		how suspicious was mary ?
g_81	1		who saw the man ?
g_81	1		who do you think that you saw ?
g_81	0	*	who do you think that saw you ?
g_81	1		who do you regret that you saw ?
g_81	0	*	who do you regret that saw you ?
g_81	1		who do you think you saw ?
g_81	1		who do you think saw you ?
g_81	0	*	who do you regret you saw ?
g_81	0	*	who do you regret saw you ?
g_81	0	*	who did you believe that came ?
g_81	0	*	who did you wonder whether came ?
g_81	0	*	who did you wonder if came ?
g_81	0	*	who did you arrange for to come ?
g_81	0	*	which table did you wonder on kim put the book ?
g_81	0	*	which did you buy the table on kim put the book ?
g_81	0	*	what do you believe that iron is to be a fact well known to virtually everybody ?
g_81	0	*	who did you wonder saw kim ?
g_81	0	*	which did you buy the table supported the book ?
g_81	0	*	the fact , i put it down to that kim came .
g_81	0	*	the table , i put kim on which supported the book .
g_81	1		who is it that mary likes ?
g_81	1		he was talkative .
g_81	1		he was a bully .
g_81	1		he was talkative and a bully .
g_81	0	*	the talkative and a bully man entered .
g_81	0	*	talkative and a bully entered .
g_81	0	*	john is easy to please and to love mary .
g_81	0	*	the man who mary loves and sally hates george computed my tax .
g_81	1		john is easy to please and to love .
g_81	1		the kennel which mary made and fido sleeps in has been stolen .
g_81	1		the kennel in which mary keeps drugs and fido sleeps has been stolen .
g_81	0	*	the kennel in which mary made and fido sleeps has been stolen .
g_81	1		john saw more horses than bill saw or pete talked to .
g_81	1		john saw more horses than bill saw cows or pete talked to cats .
g_81	0	*	john saw more horses than bill saw cows or pete talked to .
g_81	1		i know a man who bill saw and mary liked .
g_81	1		i know a man who saw bill and liked mary .
g_81	0	*	i know a man who bill saw and liked mary .
g_81	1		i wonder who bill saw and mary liked .
g_81	0	*	i wonder who bill saw and liked mary .
g_81	1		i wonder who mary likes and hopes will win .
g_81	0	*	john asked who and where bill had seen .
g_81	1		which book and which pencil did john buy ?
g_81	0	*	where and when did bill put the book ?
g_81	1		on which table and under which flower pot did john put the keys ?
g_81	1		to which city and to which conference did bill go ?
g_81	1		to which city and which conference did bill go ?
g_81	1		which city and which conference did bill go to ?
g_81	0	*	which city and which conference did bill go to to ?
g_81	0	*	which city and to which conference did bill go to ?
g_81	0	*	to which city and which conference did bill go to ?
g_81	0	*	john , who and whose friends you saw , is a fool .
g_81	1		john , to who and to whose friends that letter was addressed , is a fool .
g_81	1		i wonder when and how often she went that day .
g_81	1		i wonder who and whose friends he handed over to the fbi .
g_81	1		i have wanted to know exactly what happened to rosa luxemburg for many years .
g_81	1		i have wanted to know for many years exactly what happened to rosa .
g_81	1		i had hoped that it was true that rosa luxemburg had actually defected to iceland for many years .
g_81	1		i had hoped that it was true for many years that rosa luxemburg had actually defected to iceland .
g_81	1		i have wanted to meet the man who spent so much money planning the assassination of kennedy for many years .
g_81	1		i have wanted to meet for many years the man who spent so much money planning the assassination of kennedy .
g_81	1		the woman believed that the man was ill who was here .
g_81	1		the woman believed that the man who was here was ill .
g_81	1		the woman who was here believed that the man was ill .
g_81	1		a woman hit a girl who was pregnant .
g_81	1		people are said to do crazier things at higher speeds there by dorothy than they are by other people .
g_81	1		people are said to do such crazy things at such high speeds there by dorothy that i am getting skeptical .
g_81	1		a woman hit a pregnant girl .
g_81	1		a pregnant woman hit a girl .
g_81	1		a man just came in and a woman went out who were similar in all kinds of ways .
g_81	1		a man just came in and a woman went out who hate each other like poison and always have .
g_81	0	*	i find it easy to believe - but joan finds it hard to believe - tom to be dishonest .
g_81	0	*	john offered , and harry gave , sally a cadillac .
g_81	0	*	john told , and harry showed , seymour that sally was a virgin .
g_81	1		jack may be and tony certainly is a werewolf .
g_81	1		harry has claimed but i do not believe that melvin is a communist .
g_81	1		i like but tom does n't like to visit new places .
g_81	1		i can tell you when , but i ca n't tell you why , he left me .
g_81	1		i 've been wondering whether , but would n't positively want to state that .
g_81	1		john hummed , and mary sang , the same tune .
g_81	1		john hummed , and mary sang , at equal volumes .
g_81	1		john gave mary , and joan presented to fred , books which looked .
g_81	1		the red sox beat , and the giants were beaten by , different teams .
g_81	1		smith loaned , and his widow later donated , a valuable collection of manuscripts to the library .
g_81	1		the dodgers beat the red sox and were beaten by the giants .
g_81	1		in which car was the man seen ?
g_81	1		the man who mary loves and sally hates computed my tax .
g_81	0	*	the kennel which mary made and fido sleeps has been stolen .
g_81	1		tom said he would and bill actually did eat a raw eggplant .
w_80	1		john ate the meat raw .
w_80	1		john ate the meat nude .
w_80	1		john made bill mad .
w_80	1		john loaded the hay into the wagon green .
w_80	0	*	john loaded the hay into the wagon full .
w_80	1		i presented it to john dead .
w_80	1		john thinks of bill as silly .
w_80	1		bill was thought of as silly .
w_80	1		who do you think of as silly ?
w_80	0	*	of whom do you think as silly ?
w_80	1		john made bill sick .
w_80	1		john left nude .
w_80	1		john became sick .
w_80	1		john strikes bill as stupid .
w_80	1		john arrived dead .
w_80	1		john persuaded bill to leave .
w_80	1		john died waiting for a bus .
w_80	1		to leave would be john 's pleasure .
w_80	1		for john to leave would be my pleasure .
w_80	1		john died nude .
w_80	1		john promised bill to be examined .
w_80	1		john was promised .
w_80	1		john was promised the book .
w_80	0	*	good cooks are made by them .
w_80	1		what to do is a mystery .
w_80	1		what to do is a mystery to john .
w_80	1		john has something to do .
w_80	0	*	1 wondered what bill to do .
w_80	1		i am counting on you for mary to get there on time .
w_80	1		john wants to win .
w_80	1		john wants for bill to win .
w_80	1		i would hate to leave .
w_80	1		i arranged to leave .
w_80	1		i arranged for pete to leave .
w_80	1		it was arranged to have dinner at 6 .
w_80	1		it was preferred to have dinner at 6 .
w_80	1		it was decided to have dinner at 6 .
w_80	1		it was decided by the committee to have dinner at 6 .
w_80	1		it is important to john to leave .
w_80	1		i want to leave .
w_80	1		to leave would be my pleasure .
w_80	1		it is important to me to leave .
w_80	1		i bought a book to read .
w_80	0	*	john promised mary to leave together .
w_80	1		i want to meet at 6 .
w_80	0	*	i will try to meet at 6 .
w_80	0	*	john 's arrival dead surprised me .
w_80	0	*	the arrival of john dead surprised me .
w_80	1		john 's attempt to leave surprised me .
w_80	1		any attempt to leave surprises me .
w_80	1		john left orders for bill not to leave .
w_80	1		it is clear that he is here .
w_80	0	*	john 's reluctance is clear that he is here .
w_80	1		it is upsetting , the way he goes on that he wo n't help .
w_80	1		john considers it clear that bill is here .
w_80	1		john saw to it that bill had a good time .
w_80	0	*	john stated it succinctly that he was leaving .
w_80	1		it was felt that bill was tardy .
w_80	0	*	john 's reluctance seems .
w_80	1		john seems t to be here .
w_80	1		to leave is to give up .
w_80	0	*	it proves that john was lying that he left town .
w_80	1		many people said they were sick who were n't .
w_80	1		it 's that john wo n't help that bothers me .
w_80	0	*	it is believed to be the problem that he is here .
w_80	1		that john is here seems to be believed to be the problem .
w_80	0	*	it seems to be believed to be the problem that john is here .
w_80	0	*	it is believed to have been shown that movement is cyclic , but it is n't that vp deletion is .
w_80	1		it is believed that movement is cyclic , but it is n't that vp deletion is .
w_80	1		it is believed to be true by everyone that movement is cyclic .
w_80	1		it was john that i saw .
w_80	1		i bought it dead .
w_80	1		i gave it to pete dead .
w_80	1		i wrote a letter to bill to read .
w_80	0	*	i wrote to bill to read .
w_80	1		it was bought to read .
w_80	1		the book was bought by bill to read .
w_80	1		i bought it for bill to read .
w_80	1		i bought it to hold books .
w_80	1		john is proud that there are pictures of himself here .
w_80	1		john thinks that it is appropriate for there to be a picture of himself in the corridor .
w_80	0	*	john thinks it would upset himself to die .
w_80	1		john made bill be mad at himself .
w_80	0	*	john knew that the book for himself to read was parnell .
w_80	1		john knew that for himself to be there would cause problems .
w_80	1		a picture of himself frightened john .
w_80	1		john is sad .
w_80	1		john loaded the wagon full with hay .
w_80	0	*	john loaded the wagon with hay green .
w_80	0	*	i presented john with it dead .
w_80	1		of whom are you thinking ?
w_80	1		john became rich .
w_80	1		i gave john gold apples .
w_80	1		how silly is bill considered ?
w_80	1		how mad was bill made ?
w_80	1		john is sick .
w_80	1		john left singing .
w_80	1		john is near larry .
w_80	1		john gave bill the dog dead .
w_80	0	*	bill was struck by john as stupid .
w_80	0	*	john was struck as sick .
w_80	1		john was struck by bill 's idiocy .
w_80	1		john promised bill to leave .
w_80	1		john tried to leave .
w_80	1		to leave would be a pleasure .
w_80	0	*	john was struck by bill as pompous .
w_80	0	*	john was promised by bill to leave .
w_80	1		they make good cooks .
w_80	1		there is nothing to do .
w_80	1		john has something for bill to do .
w_80	1		i am counting on bill to incriminate himself .
w_80	1		on whom are you counting to incriminate himself ?
w_80	1		i am counting on bill to get there on time .
w_80	1		i would prefer to leave .
w_80	1		i would hate for john to leave .
w_80	1		i would prefer for john to leave .
w_80	0	*	it was hated for john to leave .
w_80	0	*	john decided for bill to get the prize .
w_80	0	*	john decided bill to get the prize .
w_80	1		to die is no fun .
w_80	1		john wants to leave .
w_80	1		john counted on bill to get there on time .
w_80	1		i bought bill a book to read .
w_80	1		john told mary that it would be important to leave early .
w_80	1		john told mary that it was important to fred to leave early .
w_80	1		john , told mary that it would be appropriate to leave together .
w_80	0	*	the election of john president surprised me .
w_80	1		john 's arriving dead surprised me .
w_80	1		the attempt by john to leave surprised me .
w_80	1		john left orders to follow pete .
w_80	1		john left us orders to follow pete .
w_80	1		john left orders not to be disturbed .
w_80	1		that he is here is clear .
w_80	1		it is a problem that he is here .
w_80	1		it bothers me that he is here .
w_80	1		john regretted it that bill had a good time .
w_80	0	*	john believes it that bill is here .
w_80	0	*	john believes it sincerely that bill is here .
w_80	0	*	john is aware of it that bill is here .
w_80	0	*	john felt it that bill was tardy .
w_80	0	*	john believed it that bill was tardy .
w_80	1		it was believed that bill was tardy .
w_80	0	*	that john is reluctant seems .
w_80	0	*	it is the problem that he is here .
w_80	1		that he is here is the problem .
w_80	1		the problem we are discussing is george .
w_80	0	*	it is to give up to leave .
w_80	1		it would prove our theory to be untenable for carrots to be vegetables .
w_80	0	*	it was believed to be illegal by them to do that .
w_80	1		john grudgingly accepted judgments of his incompetence as an auto mechanic .
w_80	1		it was to john that i gave the book .
w_80	1		i bought it to read .
w_80	1		i bought it to give to pete .
w_80	1		i gave it to pete to take to the fair .
w_80	0	*	i gave pete the book to impress .
w_80	1		i wrote to bill .
w_80	1		i presented it to bill to read .
w_80	0	*	i presented bill with it to read .
w_80	1		i gave a book to bill to read .
w_80	1		john thinks it would upset himself to die .
w_80	1		john made bill mad at himself .
w_80	1		john made bill master of himself .
w_80	1		the correspondence school made bill a good typist .
w_80	1		the correspondence school sent bill a good typist .
w_80	1		john considers bill silly .
w_80	1		john considers bill to be silly .
w_80	0	*	john bought a dog for himself to play with .
w_80	1		john arranged for himself to get the prize .
w_80	1		john talked to bill about himself .
cj99	1		i demand that the more john eats , the more he pay .
cj99	1		if john eats more , keep your mouth shut tighter , ok ?
cj99	1		his expectations are always lower than mine are .
cj99	1		the sooner you call , the more carefully i will word the letter .
cj99	1		the more timid he feels , the more people he interviews without asking questions of .
cj99	1		once janet left , fred became a lot crazier .
cj99	0	*	if you give every senator enough opportunity , he will succumb to corruption .
cj99	1		the more time that any senator spends with lobbyists , the more likely he is to succumb to corruption .
cj99	0	*	which problem does the sooner you solve , the more easily you 'll satisfy the folks up at corporate headquarters ?
cj99	1		which problem do you think that the sooner you solve , the quicker you 'll be able to tell the folks up at corporate headquarters to buzz off ?
cj99	1		the more you eat , the less you want .
cj99	1		if you eat more , you want correspondingly less .
cj99	1		when you eat more , you want correspondingly less .
cj99	1		as you eat more , you want correspondingly less .
cj99	0	*	the most you want , the least you eat .
cj99	1		the angrier sue gets , the more fred admires her .
cj99	1		the more that you eat , the less that you want .
cj99	1		the angrier that sue gets , the more that fred admires her .
cj99	1		i think that the more you eat , the less you want .
cj99	1		i 'm not shocked by the idea that the more you eat , the less you want .
cj99	1		it is obvious that the more you eat , the less you want .
cj99	1		it is not entirely clear if the more you eat , the less you want .
cj99	1		i want to explain exactly why the more you eat , the less you want .
cj99	1		i demand that the more john eats , the more he pays .
cj99	0	*	i demand that the more john eat , the more he pay .
cj99	1		i demand that john pay more , the more he eats .
cj99	0	*	i demand that john pays more , the more he eat .
cj99	1		you get angrier , the more we eat , do n't you .
cj99	0	*	you get angrier , the more we eat , do n't we .
cj99	0	*	the harder it has rained , how much faster a flow that appears in the river ?
cj99	1		the harder it has rained , how much faster a flow appears in the river ?
cj99	0	*	the harder it rains , how much faster that do you run ?
cj99	1		the harder it rains , how much faster do you run ?
cj99	1		the harder it rains , how much faster a flow do you see in the river ?
cj99	0	*	the harder it rains , how much faster a flow that do you see in the river ?
cj99	1		when it rains harder , how much faster a flow appears in the river ?
cj99	1		as it rains harder , how much faster a flow appears in the river ?
cj99	0	*	as it rains harder , how much faster a flow that appears in the river ?
cj99	0	*	when it rains harder , how much faster a flow that appears in the river ?
cj99	1		how much harder has it rained , the faster a flow you see in the river ?
cj99	1		how much harder has it rained , when you see a faster flow in the river ?
cj99	0	*	the more john eats , the tighter keep your mouth shut about it .
cj99	0	*	the more everyone eat , the more john keeps his big mouth shut about it , ok ?
cj99	1		when john eats more , keep your mouth shut tighter , ok ?
cj99	1		as john eats more , keep your mouth shut tighter , ok ?
cj99	1		keep your mouth shut tighter , the more john eats , ok ?
cj99	1		everyone keep your mouth shut tighter , the more john eats , ok ?
cj99	0	??	i can well imagine the more him eating , the fatter him getting .
cj99	1		bill can well imagine getting fat .
cj99	0	*	bill can well imagine the more he eats , the fatter getting .
cj99	1		fred can well imagine joe getting fatter , the more he eats .
cj99	0	*	it is important the more you eat , the more careful to be .
cj99	0	*	it is important for the more you eat , the more careful to be .
cj99	0	*	it is important the more you to eat , the more careful to be .
cj99	0	*	it is important the more you eat , the more careful you to be .
cj99	0	*	it is important the more you eat , the more careful for you to be .
cj99	0	*	it is important for the more you to eat , the more careful to be .
cj99	0	*	it is important for the more you to eat , the more careful for you to be .
cj99	0	*	it is important the more you to eat , the more careful for you to be .
cj99	0	*	it is important for the more you eat , the more careful you to be .
cj99	1		it is important for you to be more careful , the more you eat .
cj99	1		it is important to be more careful , the more you eat .
cj99	0	*	i can well imagine quickly mary answering the question .
cj99	0	?*	i can well imagine with a hatchet mary destroying the jeep .
cj99	0	?*	i can well imagine if he eats more , him getting fat .
cj99	0	*	it is not entirely obvious if , mary listens to the grateful dead , she gets depressed .
cj99	0	*	it is not entirely obvious whether , mary listens to the grateful dead , she gets depressed .
cj99	1		mary listens to the grateful dead and she gets depressed .
cj99	1		if mary listens to the grateful dead , she gets depressed .
cj99	1		when mary listens to the grateful dead , she gets depressed .
cj99	1		mary gets depressed if she listens to the grateful dead .
cj99	1		mary gets depressed when she listens to the grateful dead .
cj99	1		the more she looked at pictures , the angrier mary got .
cj99	0	*	the more pictures mary looked at , she got angrier and angrier .
cj99	1		mary gets depressed and she listens to the grateful dead .
cj99	1		the higher the stakes are , the lower his expectations are .
cj99	1		the higher the stakes , the lower his expectations .
cj99	1		his expectations are lower , the higher the stakes .
cj99	1		his expectations are lower , the higher the stakes are .
cj99	0	*	his expectations lower , the higher the stakes .
cj99	0	*	his expectations lower , the higher the stakes are .
cj99	1		the more obnoxious fred is , the less attention you should pay to him .
cj99	0	*	the more obnoxious fred , the less attention you should pay to him .
cj99	1		the more fred is obnoxious , the less you should pay attention to him .
cj99	0	*	the more obnoxious fred , the less you should pay attention to him .
cj99	1		his expectations are always lower than mine .
cj99	1		john was lots more obnoxious than fred was .
cj99	1		you should always lock your door , no matter how fancy the hotel might be .
cj99	1		you should always lock your door , no matter how fancy the hotel .
cj99	1		i do n't plan to lock the door , no matter how fancy this hotel is .
cj99	0	*	i do n't plan to lock the door , no matter how fancy this hotel .
cj99	1		i 'm going out , whatever the weather .
cj99	1		i 'm going out , wherever that hurricane might be .
cj99	0	*	i 'm going out , wherever that hurricane .
cj99	1		the more examples mary says that bill has helped fred to discover the less i believe her .
cj99	0	*	the more food mary knows a man that eats the poorer she gets .
cj99	0	*	the fatter he goes to a doctor when he gets the more he eats .
cj99	0	*	the fatter that that he gets bothers him , the more he eats .
cj99	0	*	the more books i ask to whom he will give , the more he reads .
cj99	0	*	the more people i ask what he will give to the more he reads .
cj99	1		the more carefully he words the letter the safer he 'll be .
cj99	0	*	the more carefully he knows a man that worded the letter the safer he 'll be .
cj99	1		the more geniuses john meets , the angrier he gets .
cj99	0	*	the more john meets geniuses , the angrier he gets .
cj99	1		the more people you say will buy tickets , the happier i 'll be .
cj99	0	*	the more people you say that will buy tickets , the happier i 'll be .
cj99	1		the more people you say that right after the show opens will buy tickets , the happier i 'll be .
cj99	1		the more i talk to joe , the less about linguistics i am inclined to think sally has taught him to appreciate .
cj99	0	*	the more he eats , the poorer he knows a woman that gets .
cj99	0	*	the more he eats , the fatter he goes to a doctor when he gets .
cj99	0	*	the more he eats , the fatter that that he gets really bothers me .
cj99	0	*	the more he reads , the more books i wonder to whom he will give .
cj99	0	*	the more he reads , the more people i wonder what he will give to .
cj99	0	*	the sooner you call , the more carefully i know a man that will word the letter .
cj99	1		the richer john gets , the more geniuses john meets .
cj99	0	*	the richer he gets , the more john meets geniuses .
cj99	1		the more articles he reads , the fewer people he thinks will go into linguistics .
cj99	0	*	the more articles he reads , the fewer people he thinks that will go into linguistics .
cj99	1		the more articles he reads , the fewer people he thinks that under the current circumstances will go into linguistics .
cj99	1		the more articles he reads , the fewer people he thinks under the current circumstances will go into linguistics .
cj99	1		the more people that arrive , the louder that it gets .
cj99	1		the more people that arrive , the louder it gets .
cj99	1		the more people you give beer to , the more people that get sick .
cj99	1		the more people that you give beer to , the more people that get sick .
cj99	1		the more people arrive , the louder that it gets .
cj99	1		the more people arrive , the louder it gets .
cj99	1		the more people that you give beer to , the more people get sick .
cj99	0	*	the more pictures of john that he buys the more arrogant he becomes .
cj99	1		the more pictures of himself that john buys the more arrogant he becomes .
cj99	1		the man that arrived on the train was my brother .
cj99	0	*	the man arrived on the train was my brother .
cj99	0	*	the more people everyone who likes pays attention to , the happier we all are .
cj99	0	*	the later it gets , the more people everyone who likes pays attention to .
cj99	1		whenever bill smokes , susan hates him all the more .
cj99	1		whenever bill smokes , susan hates him much more .
cj99	1		whenever bill smokes , susan hates him far more .
cj99	1		whenever bill smokes , susan hates him a lot more .
cj99	1		once janet left , fred became all the crazier .
cj99	1		once janet left , fred became much crazier .
cj99	1		once janet left , fred became far crazier .
cj99	1		fred became all the crazier , the more often janet left .
cj99	1		when bill smokes , all the more does susan hate him .
cj99	0	*	when bill smokes , much more does susan hate him .
cj99	0	*	when bill smokes , all the more susan hates him .
cj99	1		so much did you eat that everyone gasped .
cj99	1		so fast did you run that everyone gasped .
cj99	1		so intelligent a dog did you buy that everyone gasped .
cj99	1		i know how much you ate .
cj99	1		i know how fast you ran .
cj99	1		i know how intelligent a dog you bought .
cj99	1		he ate so much that he got sick .
cj99	1		so much did he eat that he got sick .
cj99	1		the more you eat , the more you want .
cj99	0	*	you eat the more , the more you want .
cj99	0	*	the more you eat , you want the more .
cj99	0	*	i wonder you ate how much .
cj99	1		i wonder to how many people bill talks .
cj99	1		the longer he has to wait , the angrier john gets .
cj99	1		if he has to wait , john gets angry .
cj99	0	*	he gets angry , the longer john has to wait .
cj99	0	*	he gets angry if john has to wait .
cj99	1		the more that pictures of him appear in the news , the more embarrassed john becomes .
cj99	1		the more pictures of himself that appear in the news , the more embarrassed john becomes .
cj99	1		the more that pictures of himself appear in the news , the more embarrassed john becomes .
cj99	1		the more pictures of him appear in the news , the more likely john is to get arrested .
cj99	0	*	the more pictures of himself appear in the news , the more likely john is to get arrested .
cj99	1		the more that pictures of him appear in the news , the more likely john is to get arrested .
cj99	0	*	the more that pictures of himself appear in the news , the more likely john is to get arrested .
cj99	1		the more that john gets upset by them , the more that stories about him seem to show up in the news .
cj99	0	*	the more that john gets upset by them , the more that stories about himself seem to show up in the news .
cj99	1		john is more embarrassed , the more pictures of him appear in the news .
cj99	1		john is more embarrassed , the more pictures of him that appear in the news .
cj99	1		john is more embarrassed , the more pictures of himself appear in the news .
cj99	1		john is more embarrassed , the more pictures of himself that appear in the news .
cj99	1		stories about him seem to show up more on the evening news , the more that john gets upset by them .
cj99	0	*	stories about himself seem to show up more on the evening news , the more that john gets upset by them .
cj99	1		if you give him enough opportunity , every senator will succumb to corruption .
cj99	1		you give him enough opportunity and every senator will succumb to corruption .
cj99	0	*	we gave him enough opportunity and , sure enough , every senator succumbed to corruption .
cj99	1		if you give any senator enough opportunity , he will succumb to corruption .
cj99	1		you give any senator enough opportunity and he will succumb to corruption .
cj99	0	*	you give every senator enough opportunity and he will succumb to corruption .
cj99	0	*	we gave any senator enough opportunity and , sure enough , he succumbed to corruption .
cj99	0	*	we gave every senator enough opportunity and , sure enough , he succumbed to corruption .
cj99	1		the more lobbyists he talks to , the more corrupt every senator seems to become .
cj99	1		the more lobbyists wine and dine him , the more every senator is susceptible to corruption .
cj99	0	*	the more time that every senator spends with lobbyists , the more likely he succumbs to corruption .
cj99	1		every senator becomes more corrupt , the more lobbyists he talks to .
cj99	1		any senator becomes more corrupt , the more lobbyists he talks to .
cj99	0	*	he seems to become more corrupt , the more lobbyists any senator talks to .
cj99	0	*	he seems to become more corrupt , the more lobbyists every senator talks to .
cj99	1		every senator seems to become more corrupt , if he talks to more lobbyists .
cj99	1		any senator seems to become more corrupt , if he talks to more lobbyists .
cj99	1		any senator seems to become more corrupt , as he talks to more lobbyists .
cj99	0	*	he seems to become more corrupt , if any senator talks to more lobbyists .
cj99	0	*	he seems to become more corrupt , if every senator talks to more lobbyists .
cj99	0	*	he seems to become more corrupt , as every senator talks to more lobbyists .
cj99	0	*	he seems to become more corrupt , as any senator talks to more lobbyists .
cj99	1		the sooner you solve this problem , the more easily you 'll satisfy the folks up at corporate headquarters .
cj99	1		this is the sort of problem which the sooner you solve the more easily you 'll satisfy the folks up at corporate headquarters .
cj99	1		the folks up at corporate headquarters are the sort of people who the sooner you solve this problem , the more easily you 'll satisfy .
cj99	1		this problem , the sooner you solve the more easily you 'll satisfy the folks up at corporate headquarters .
cj99	1		who did you give pictures of to friends of ?
cj99	1		it is this problem that the sooner you solve the more easily you 'll satisfy the folks up at corporate headquarters .
cj99	0	?*	it is the folks up at corporate headquarters who the sooner you solve this problem , the more easily you 'll satisfy .
cj99	0	*	which problem the sooner you solve , will the more easily you satisfy the folks up at corporate headquarters ?
cj99	0	*	which problem does the sooner that you solve , the more easily you 'll satisfy the folks up at corporate headquarters ?
cj99	0	*	which problem the sooner that you solve , will the more easily you satisfy the folks up at corporate headquarters ?
cj99	0	*	the harder it rains , the faster who runs ?
cj99	0	*	the louder who talks , the angrier you get ?
cj99	1		the harder that it rains , how much faster a flow do you see in the river ?
cj99	1		they failed to tell me which problem the sooner i solve , the quicker the folks up at corporate headquarters .
cj99	0	??	i finally worked up enough courage to ask which people up at corporate headquarters the sooner i solve this problem , the quicker i 'll get free of .
cj99	0	??	which folks up at corporate headquarters do you think that the sooner you solve this problem , the quicker you 'll be able to tell t to buzz off ?
cj99	0	??	this is a problem that you 'll be able to tell the folks up at corporate headquarters to buzz off if you solve .
cj99	1		this is a problem that you 'll be able to tell the folks up at corporate headquarters to buzz off if you solve it .
cj99	0	??	this is a problem that you solve it and you 'll be able to tell the folks up at corporate headquarters to buzz off .
cj99	0	??	those are the folks that you just solve this problem and you 'll be able to put them on ice .
cj99	0	??	they failed to tell me which problem i 'll beat the competition more easily , the sooner i solve .
cj99	0	??	this is the problem that you 'll beat the competition more easily , the sooner you solve .
cj99	1		if you had eaten more , you would want less .
cj99	0	*	as you eat the most , you want the least .
cj99	0	*	the more you would want , the less you would eat .
cj99	0	*	i demand that the more john eat , the more he pays .
cj99	1		mary listens to the grateful dead , she gets depressed .
cj99	1		the angrier mary got , the more she looked at pictures .
cj99	1		the higher the stakes , the lower his expectations are .
cj99	1		the more fred is obnoxious , the less attention you should pay to him .
cj99	1		john was lots more obnoxious than fred .
cj99	1		the more people you give beer to , the more people get sick .
cj99	0	*	the more does bill smoke , the more susan hates him .
cj99	1		the more pictures of him that appear in the news , the more embarrassed john becomes .
cj99	1		every senator seems to become more corrupt , as he talks to more lobbyists .
sgww85	1		the scene that i wrote was in chicago .
sgww85	0	*	kim alienated cats and to beat his dog .
sgww85	1		going and buying whiskey is not the solution to your problem .
sgww85	1		peter talked to his boss on tuesday , and betsy to her super on wednesday .
sgww85	1		kim likes sandy , and lee leslie .
sgww85	1		pat is either stupid or a liar .
sgww85	1		pat is a republican and proud of it .
sgww85	1		pat is healthy and of sound mind .
sgww85	1		pat is either asleep or at the office .
sgww85	1		that was a rude remark and in very bad taste .
sgww85	1		sandy is either a lunatic or under the influence of drugs .
sgww85	1		i am hoping to get an invitation and optimistic about my chances .
sgww85	1		i am neither an authority on this subject nor trying to portray myself as one .
sgww85	1		pat was neither recommended for promotion nor under any illusions about what that meant .
sgww85	1		pat has become a banker and very conservative .
sgww85	1		i consider that a rude remark and in very [ np and pp ] bad taste .
sgww85	1		the scene of the movie was in chicago .
sgww85	0	*	the scene of the movie and that i wrote was in chicago .
sgww85	1		john sang beautifully .
sgww85	1		john sang a carol .
sgww85	0	*	john sang beautifully and a carol .
sgww85	1		kim sang and sandy danced .
sgww85	1		kim and sandy met .
sgww85	1		kim sang and was accompanied by sandy .
sgww85	0	*	the irritating and a bully man was my brother .
sgww85	0	*	soon irritating and a bully started shouting again .
sgww85	1		kim was a banker .
sgww85	1		dana was quite competent .
sgww85	1		leslie was in the flood zone .
sgww85	1		ronnie was talking to lou .
sgww85	1		jean was given a prize .
sgww85	1		pat has become a republican .
sgww85	1		gerry became quite conservative .
sgww85	0	*	connie has become of the opinion that we should get out .
sgww85	0	*	tracy became awarded a prize .
sgww85	0	*	chris will become talking to colleagues .
sgww85	1		pat became a republican and quite conservative .
sgww85	0	*	tracy has become a republican and of the opinion that we must place nuclear weapons in europe .
sgww85	0	*	chris became quite conservative and trying to change their minds .
sgww85	0	*	gerry became a republican and awarded a prize .
sgww85	1		we walked slowly and with great care .
sgww85	1		they wanted to leave tomorrow or on tuesday .
sgww85	1		we are open saturdays , any national holiday , and on alternate .
sgww85	1		kim alienates cats and beats his dog .
sgww85	1		kim alienates cats and beat his dog .
sgww85	1		kim alienated cats and beats his dog .
sgww85	1		kim alienated cats and beat his dog .
sgww85	0	*	kim alienated cats and beaten his dog .
sgww85	0	*	kim beating his dog and alienates cats .
sgww85	0	*	kim to beat his dog and alienated cats .
sgww85	0	*	kim beaten his dog and alienates cats .
sgww85	1		which student 's grades went unreported ?
sgww85	1		they found pictures of themselves .
sgww85	0	*	who did you say my talking to would bother hilary ?
sgww85	1		who did you say my talking to would bother ?
sgww85	1		which article did terry file without reading ?
sgww85	1		which books did robin read and hate ?
sgww85	0	*	which books did robin talk to chris and read ?
sgww85	0	*	which books did robin read and talk to chris ?
sgww85	0	*	who did robin visit and ?
sgww85	1		they talked to kim and to each other .
sgww85	1		he hated himself and his friends .
sgww85	1		they were wary of themselves and of each other .
sgww85	1		they asked which students and which teachers would get along together .
sgww85	1		we called up every man whose father and whose mother had played on the team .
sgww85	1		i went to the store and bought some whiskey .
sgww85	1		she 's gone and ruined her dress now .
sgww85	1		i 've got to try and find that screw .
sgww85	1		she goes and buys some whiskey .
sgww85	1		i have gone and bought some whiskey .
sgww85	1		i will go and buy some whiskey .
sgww85	1		i will try and buy some whiskey .
sgww85	0	*	i have gone and buys some whiskey .
sgww85	0	*	to go and buying whiskey is not the solution to your problem .
sgww85	0	*	i will go and bought some whiskey .
sgww85	0	*	i tried and buy some whiskey .
sgww85	0	*	i was trying and buying some whiskey .
sgww85	0	*	what did you say i went and get ?
sgww85	0	*	what did you say i go and got ?
sgww85	1		i went to the store and i bought some whiskey .
sgww85	1		i 've got to try and i 've got to find that screw .
sgww85	1		i both went to the store and bought some whiskey .
sgww85	1		i 've got to both try and find that screw .
sgww85	1		here 's the whiskey which i went to the store and bought .
sgww85	1		which dress has she gone and ruined now ?
sgww85	1		the screw which i 've got to try and find holds the door to the frame .
sgww85	1		either we americans or i myself will get ourselves in trouble .
sgww85	1		either you or i will incriminate ourselves .
sgww85	1		you and i may incriminate ourselves .
sgww85	1		we americans and the british pamper ourselves .
sgww85	1		you british and you americans pamper yourselves .
sgww85	1		you british or you americans will get yourselves in trouble .
sgww85	1		you and kerry have outdone yourselves .
sgww85	1		you or kerry have perjured yourselves .
sgww85	1		the boys and the girls seem happy .
sgww85	0	*	the boys and the girls seems happy .
sgww85	1		either the boys or the girls are going to be there .
sgww85	1		the students and professor swansong are meeting in the park .
sgww85	1		either professor swansong or the graduate students are going to proctor the exam .
sgww85	1		either dana or lee is going to lead the parade .
sgww85	1		kim and terry are happy .
sgww85	0	*	either the boys or the girls is going to be there .
sgww85	0	*	the students and professor swansong is meeting in the park .
sgww85	0	*	either professor swansong or the graduate students is going to proctor the exam .
sgww85	1		either dana or lee are going to lead the parade .
sgww85	1		kim likes sandy , and lee leslie . to try to go to rome .
sgww85	1		pat wanted to try to go to berne , and chris to go to rome . to rome .
sgww85	1		kim went to the store , and then lou .
sgww85	1		some people go by car , but others by bike .
sgww85	1		some people like bagels , but others cream cheese .
sgww85	1		on weekdays , terry eats meat and vegetables , but on weekends , only vegetables .
sgww85	0	*	john drinks coffee at 11 , and mary , tea at 10:30 .
sgww85	1		john gave the books to mary at christmas , and the records to sue for her birthday .
sgww85	1		john talked to his supervisor about his thesis , and erich to the dean about department politics .
sgww85	1		a businessman will drink a martini to relax , and a health nut , a glass of wine , just to remain healthy .
sgww85	0	*	john left at 11 and at 12 , bill .
sgww85	1		john left his office at 11 and at 12 , the library .
sgww85	1		a policeman walked in at 11 , and at 12 , a fireman .
sgww85	1		two days ago , we went out to dinner , and this afternoon , to the movies .
sgww85	1		on this table , they put a lamp , and on that table , a radio .
sgww85	0	*	john did n't see mary and bill sue .
sgww85	1		john did n't give the books to mary and the papers to sue .
sgww85	0	*	kim likes sandy , and lee to leslie .
sgww85	0	*	pat wanted to go to berne , and chris going to rome .
sgww85	0	*	kim gave a dollar to bobbie and a dime into his pocket .
sgww85	0	*	kim likes lee , and to ronnie .
sgww85	0	*	kim likes sandy and lee likes to leslie .
sgww85	1		leslie is rather foolish , and lou a complete idiot .
sgww85	1		kim seems to be just surviving , and terry in dire need of our help .
sgww85	1		we consider leslie rather foolish , and lou a complete idiot .
sgww85	1		pat has become crazy , and chris an incredible bore .
sgww85	0	*	pat has become crazy , and chris in good spirits .
sgww85	0	*	i gave a book to john 's mother and a magazine to him .
sgww85	1		pat remembered the appointment and that it was important to be on time .
sgww85	1		that goldstein appointed heydrich and the implications thereof frightened many observers .
sgww85	1		we talked about mr. colson and that he had worked at the .
sgww85	1		you can depend on my assistant and that he will be on time .
sgww85	1		pat was annoyed by the children 's noise and that their parents did nothing to stop it .
sgww85	0	*	we talked about that he had worked at the white house .
sgww85	0	*	you can depend on that he will be on time .
sgww85	0	*	pat was annoyed by that their parents did nothing to stop it .
sgww85	1		we talked about the issues we had worked on as students and that our perspectives had changed over the years .
sgww85	0	*	we talked about that our perspectives had changed over the years and the issues we had worked on as students .
sgww85	1		that our perspectives had changed over the years and the issues we had worked on as students were the topics of discussion .
sgww85	1		i am both expecting to get the job and of the opinion that it is a desirable one .
sgww85	1		pat was awarded the golden fleece award and very upset about it .
sgww85	0	*	kim alienated cats and beating his dog .
sgww85	1		they knew that pictures of each other would be on sale .
sgww85	0	*	which article did terry file papers without reading ?
sgww85	1		i want to try and buy some whiskey .
sgww85	0	*	she goes and buying some whiskey .
sgww85	0	*	kim and terry is happy .
sgww85	1		kim gave a dollar to bobbie and a dime to jean .
rhl07	1		i sent the package to maria .
rhl07	0	*	fred offered the ball behind molly .
rhl07	1		cultural commissioner megan smith said that the five `` soundscape '' pieces would `` give a festive air to park square , they 're fun and interesting '' .
rhl07	1		lewis sent a bicycle to sam , but it never arrived .
rhl07	1		lewis shipped a bicycle to sam , but it never arrived .
rhl07	0	*	robin arrived halfway at the station .
rhl07	1		you could give a headache to a tylenol .
rhl07	1		martha gave myrna an apple .
rhl07	1		leigh threw the ball to lane .
rhl07	1		leigh threw lane the ball .
rhl07	1		the noise gave terry a headache .
rhl07	0	*	the noise gave a headache to terry .
rhl07	1		jill threw the ball from home plate to third base .
rhl07	1		jill kicked the ball from home plate to third base .
rhl07	1		i sent the bicycle from my house at the beach to my house in the mountains .
rhl07	1		i shipped the bicycle from my house at the beach to my house in the mountains .
rhl07	1		fred threw the ball under the porch .
rhl07	1		fred threw the ball behind the tree .
rhl07	1		fred threw the ball over the fence .
rhl07	1		fred kicked the ball under the porch .
rhl07	1		fred kicked the ball behind the tree .
rhl07	1		fred kicked the ball over the fence .
rhl07	1		felicia threw the ball off the bench .
rhl07	1		felicia threw the ball out the window .
rhl07	1		felicia kicked the ball out the window .
rhl07	0	*	felicia sent the box off the shelf .
rhl07	0	*	felicia sent the box out of the storeroom .
rhl07	0	*	felicia shipped the box off the shelf .
rhl07	0	*	felicia shipped the box out of the storeroom .
rhl07	0	*	jake sent the box at carson .
rhl07	0	*	jake sent the box towards carson .
rhl07	0	*	jake shipped the box at carson .
rhl07	0	*	jake shipped the box towards carson .
rhl07	1		anne is curious as to why her father sent her a telegram to america to return home at once .
rhl07	0	*	where did you give the ball ?
rhl07	1		where did you throw the ball ? to third base .
rhl07	1		where did you send the bicycle ? to rome .
rhl07	1		i gave the package to maria .
rhl07	0	*	i gave the package to london .
rhl07	1		i sent the package to london .
rhl07	1		i threw the ball to maria .
rhl07	1		i threw the ball to the other side of the field .
rhl07	0	*	susan gave the ball halfway to bill .
rhl07	0	*	susan gave the ball all the way to bill .
rhl07	1		jake threw the ball all the way to bill .
rhl07	1		jake threw the ball halfway to bill .
rhl07	1		jake kicked the ball all the way to bill .
rhl07	1		jake kicked the ball halfway to bill .
rhl07	1		i sent the package all the way around the world .
rhl07	1		i sent the package to the antarctic .
rhl07	1		i shipped the package halfway around the world .
rhl07	1		i shipped the package all the way around the world .
rhl07	1		i shipped the package halfway to the antarctic .
rhl07	0	*	fred gave the ball under molly .
rhl07	0	*	fred gave the ball behind molly .
rhl07	0	*	fred gave the ball over molly .
rhl07	0	*	fred offered the ball under molly .
rhl07	0	*	fred offered the ball over molly .
rhl07	0	*	sam gave the ball off the shelf .
rhl07	0	*	sam offered the ball off the shelf .
rhl07	0	*	jill gave the ball at bob .
rhl07	0	*	jill gave the ball towards bob .
rhl07	0	*	jill offered the ball at bob .
rhl07	0	*	jill offered the ball towards bob .
rhl07	1		give a fresh coat of paint to the front door .
rhl07	1		one of the jewish children is a spunky girl , who gave a black eye to the kid with the german roots before the start of the war .
rhl07	1		the door has a fresh coat of paint .
rhl07	1		the spunky girl has a black eye .
rhl07	1		i promise a good time to all who come .
rhl07	1		all who come will have a good time .
rhl07	1		he died from exhaustion .
rhl07	1		the water melted into ice .
rhl07	1		the water melted to ice .
rhl07	1		a hefty sum of money came to him from his grandfather .
rhl07	1		the close brush with the law put the fear of god in him .
rhl07	1		she fell in love .
rhl07	1		she fell into a sulk .
rhl07	1		she fell into a funk .
rhl07	1		to whom did you give the ball ?
rhl07	1		to whom did you throw the ball ?
rhl07	1		where did you throw the ball ?
rhl07	1		to whom did you send the package ?
rhl07	1		where did you send the package ?
rhl07	1		smith threw the ball to the first baseman .
rhl07	1		smith threw the first baseman the ball .
rhl07	0	*	smith threw the first base the ball .
rhl07	1		smith envied jones his good fortune .
rhl07	0	*	smith envied his good fortune to jones .
rhl07	1		no one can forgive you that comment .
rhl07	1		the recession cost my grandfather a raise .
rhl07	1		mary taught john linguistics .
rhl07	1		mary taught linguistics to john .
rhl07	1		i threw the ball to julian , but it fell short of him .
rhl07	1		max offered the victims help , but they refused his offer .
rhl07	1		max offered help to the victims , but they refused his offer .
rhl07	1		sarah promised her old car to catherine , but then gave it to her son instead .
rhl07	1		i taught them english for an entire year , but they do n't seem to have learned .
rhl07	1		i read him the figures , but when i looked up , he was gone .
rhl07	1		i throw you a lifeline and you giggle .
rhl07	1		i kicked him the ball , but the wind blew it astray .
rhl07	1		i threw mary the ball , but she was looking at the birds flying overhead and did n't even notice .
rhl07	1		i threw the ball to mary , but she was looking at the birds flying overhead and did n't even notice .
rhl07	1		lewis shipped sam a bicycle , but it never arrived .
rhl07	1		lewis sent sam a bicycle , but it never arrived .
rhl07	1		the police read the detainees ' rights to them , but not a single one was paying attention .
rhl07	1		i wrote a letter to blair , but i tore it up before i sent it .
rhl07	1		the police read the detainees their rights , but not a single one was paying attention .
rhl07	1		i wrote blair a letter , but i tore it up before i sent it .
rhl07	1		ann copied the manuscript , but she did n't finish it .
rhl07	1		alex read the newspaper for an hour .
rhl07	1		alex read the newspaper in an hour .
rhl07	0	*	i lent the book halfway to tony .
rhl07	0	*	i lent the book all the way to tony .
rhl07	0	*	i lent the book most of the way to tony .
rhl07	0	*	i lent tony the book partway .
rhl07	0	*	i lent tony the book halfway .
rhl07	0	*	i lent tony the book all the way .
rhl07	0	*	i lent tony the book most of the way .
rhl07	0	*	robin arrived partway at the station .
rhl07	0	*	robin arrived all the way at the station .
rhl07	0	*	robin arrived most of the way at the station .
rhl07	0	*	the old dog died partway .
rhl07	0	*	the old dog died halfway .
rhl07	0	*	the old dog died all the way .
rhl07	1		sandy taught the children the alphabet , but only got as far as the letter `` r '' .
rhl07	1		maxine read the children goodnight moon , but they fell asleep before she got to the end .
rhl07	1		interviewing richard nixon gave norman mailer a book .
rhl07	1		nixon 's behavior gave mailer an idea for a book .
rhl07	1		nixon 's behavior gave an idea for a book to every journalist living in new york city in the 1970s .
rhl07	1		we gave a fresh coat of paint to the house .
rhl07	1		the five `` soundscape '' pieces gave a festive air to park square .
rhl07	1		gordie gillespie still can give a piece of his mind to the umps .
rhl07	1		i sent the salesman to the devil .
rhl07	0	*	i sent the devil the salesman .
rhl07	1		nixon 's behavior gave an idea for a book to every journalist living in new york .
rhl07	1		the music lent a festive air to the party .
rhl07	1		it is very difficult to get an idea for a book simply from an interview .
rhl07	1		it is unreadable , guaranteed to give a headache to anyone who looks hard at the small print .
rhl07	1		`` doing my taxes '' gives a headache to 22 percent of americans surveyed for pfizer , which makes tylenol pain relief medicine .
rhl07	1		lopez says that he has done more than simply give a fresh coat of paint to the site .
rhl07	1		i think it 's time you give your lovely illness to someone else !
rhl07	1		felicia kicked the ball off the bench .
rhl07	1		i sent the package halfway around the world .
rhl07	0	*	sam gave the ball out of the basket .
rhl07	0	*	sam offered the ball out of the basket .
rhl07	1		park square has a festive air .
rhl07	1		the worker will have a job .
rhl07	0	*	no one can forgive that comment to you .
rhl07	1		we launched the rocket to the moon , but it blew up before it got there .
rhl07	1		sarah promised catherine her old car , but then gave it to her son instead .
rhl07	0	*	i lent the book partway to tony .
c_13	0	*	i gave yourself the bucket of ice cream .
c_13	1		who do you think bought the bread machine ?
c_13	1		who did bill say frank claimed that mary seems to have been likely to have kissed ?
c_13	1		dave , dan , and alina left .
c_13	1		everyone should be able to defend themselves .
c_13	1		the student met to discuss the project .
c_13	1		john kissed the blarney stone .
c_13	0	*	i spared the trouble to him .
c_13	1		susan bought her mother some flowers .
c_13	1		the student loved his syntax assignments .
c_13	1		the student hated his morphology professor .
c_13	1		i like big bowls of beans .
c_13	1		shannon kissed the kitten quietly .
c_13	1		the kitten was licked .
c_13	1		john said that he played basketball .
c_13	1		i have no money on me .
c_13	0	*	the book of poems of fiction with a red cover takes a very long time to read .
c_13	1		andy frequently eats sushi with his boss .
c_13	1		heidi said that john loves peanut butter .
c_13	1		i know he eats asparagus .
c_13	1		stalin may think that roosevelt is a fool .
c_13	1		we 're all at school .
c_13	1		i love it .
c_13	1		george thinks that julia cooked some beef waffles for him .
c_13	1		gwen saw a fire truck .
c_13	1		it is sunny in the dining room .
c_13	0	*	i think john to like his beer .
c_13	1		calvin did a back flip .
c_13	0	*	spot plays not with his mouse .
c_13	0	*	the cake was been eaten .
c_13	1		reggie chased the ball .
c_13	1		has fiona eaten sauteed candy canes ?
c_13	1		john said that heidi was obsessed with broccoli .
c_13	1		the boat was sunk by the torpedo .
c_13	1		the boat was sunk by the captain .
c_13	1		i asked what beth bought at the supermarket .
c_13	1		carolyn sent heidi a package .
c_13	1		peter placed the letter in the envelope .
c_13	1		there was a man arriving at the station when i pulled up .
c_13	0	*	it is reluctant that jean will dance .
c_13	1		i want cookies .
c_13	1		she made jerry out to be famous .
c_13	1		i know which guys you 've dated .
c_13	1		the lawyer ca n't prove paul innocent but he can prove della innocent .
c_13	1		bill kissed himself .
c_13	0	*	bill kissed herself .
c_13	1		sally kissed herself .
c_13	0	*	kiss himself .
c_13	1		the robot kissed itself .
c_13	1		she knocked herself on the head with a zucchini .
c_13	0	*	she knocked himself on the head with a zucchini .
c_13	1		the snake flattened itself against the rock .
c_13	1		the joneses think themselves the best family on the block .
c_13	0	*	the joneses think himself the most wealthy guy on the block .
c_13	1		gary and kevin ran themselves into exhaustion .
c_13	0	*	gary and kevin ran himself into exhaustion .
c_13	1		people from tucson think very highly of themselves .
c_13	1		i gave myself the bucket of ice cream .
c_13	0	*	she hit myself with a hammer .
c_13	1		she hit herself with a hammer .
c_13	1		doug blew the building up .
c_13	1		doug blew up the building .
c_13	1		doug blew it up .
c_13	1		doug blew up it .
c_13	0	*	who do you wonder what bought ?
c_13	1		i wonder what fiona bought .
c_13	0	*	toothbrush the is blue .
c_13	1		cheese mice love stinks .
c_13	1		the dancing chorus line of elephants broke my television set .
c_13	1		rosie loves magazine ads .
c_13	1		i think rosie loves magazine ads .
c_13	1		dana doubts that drew believes i think rosie loves magazine ads .
c_13	1		dave left .
c_13	1		dave and alina left .
c_13	1		dave , dan , erin , and alina left .
c_13	1		who do you think that ciaran will question first ?
c_13	1		who do you think ciaran will question first ?
c_13	1		who do you think will question seamus first ?
c_13	0	*	who do you think that will question seamus first ?
c_13	1		i expect soon to see the results .
c_13	1		i expect to see the results soon .
c_13	1		i expect to soon see the results .
c_13	0	*	i expect more than to double my profits .
c_13	0	*	i expect to double more than my profits .
c_13	0	*	i expect to double my profits more than .
c_13	1		i expect to more than double my profits .
c_13	1		who did you see in las vegas ?
c_13	1		you are taller than me .
c_13	0	*	my red is refrigerator .
c_13	0	*	who do you think that saw bill ?
c_13	1		my friends wanted to quickly leave the party .
c_13	0	*	bunnies carrots eat .
c_13	1		george sang to himself .
c_13	0	*	himself sang to george .
c_13	1		betsy loves herself in blue leather .
c_13	1		everyone should be able to defend himself .
c_13	1		everyone should be able to defend herself .
c_13	1		i hope nobody will hurt themselves .
c_13	1		i hope nobody will hurt himself .
c_13	1		do n't hit yourself !
c_13	1		she is dancing .
c_13	1		they are dancing .
c_13	1		the man is dancing .
c_13	1		the men are dancing .
c_13	1		the students met to discuss the project .
c_13	1		zeke cooked and ate the chili .
c_13	1		zeke ate and cooked the chili .
c_13	1		he put the clothes .
c_13	1		he put in the washing machine .
c_13	1		i gave my brother a birthday present .
c_13	1		i gave a birthday present to my brother .
c_13	1		where do you guys live at ?
c_13	1		it is obvious to everybody that tasha likes misha .
c_13	1		the man loved peanut butter cookies .
c_13	1		the puppy loved peanut butter cookies .
c_13	1		the king loved peanut butter cookies .
c_13	0	*	the green loved peanut butter cookies .
c_13	0	*	the in loved peanut butter cookies .
c_13	0	*	the sing loved peanut butter cookies .
c_13	1		john went to the store .
c_13	1		the man went to the store .
c_13	0	*	quickly walks went to the store .
c_13	0	*	to the washroom kissed the blarney stone .
c_13	1		the destruction of the city bothered the mongols .
c_13	1		sincerity is an important quality .
c_13	1		the assassination of the president .
c_13	1		tucson is a great place to live .
c_13	1		gabrielle 's mother is an axe murderer .
c_13	1		hamsters mother attractive offspring .
c_13	1		wendy 's mother country is iceland .
c_13	1		louis said that parts of speech intrigued her .
c_13	0	*	cat ate the spider .
c_13	1		the cat ate the spider .
c_13	1		cats ate the spider .
c_13	1		the cats ate the spider .
c_13	0	*	i ate apple .
c_13	1		i ate the apple .
c_13	1		i ate sugar .
c_13	1		i ate the sugar .
c_13	1		he is filled with sincerity .
c_13	1		i doubt his sincerity .
c_13	1		the dastardly surgeon stole the physician 's lunch .
c_13	1		i asked the question .
c_13	1		i asked if you knew the answer .
c_13	1		i hit the ball .
c_13	1		i spared him the trouble .
c_13	0	*	i put the box the book .
c_13	1		i put the book in the box .
c_13	1		i gave the box to leah .
c_13	1		i gave leah the box .
c_13	1		i told daniel the story .
c_13	1		i told daniel that the exam was cancelled .
c_13	1		i told the story to daniel .
c_13	1		the canadian government uses a parliamentary system of democracy .
c_13	1		the canadian bought himself a barbecue .
c_13	1		the prudish linguist did n't enjoy looking at the internet .
c_13	1		we keep those censored copies of the book hidden to protect the sensibilities of the prudish .
c_13	1		susan bought some flowers for her mother .
c_13	1		susan bought some flowers for her birthday .
c_13	0	*	susan bought her birthday some flowers .
c_13	1		i gave blood .
c_13	1		i do n't give a darn .
c_13	1		andy gives freely of his time .
c_13	1		dan gave his life .
c_13	1		dan gives to charity .
c_13	1		sorry , i gave last week .
c_13	1		the student loved his phonology readings .
c_13	1		i saw these dancers and those musicians smoking something .
c_13	1		i am drinking lemonade and eating a brownie .
c_13	1		we went through the woods and over the bridge .
c_13	1		the man whose car i hit last week sued me .
c_13	1		the big man from ny has often said that he gave peanuts to elephants .
c_13	1		the man killed the king with the knife .
c_13	1		we ate at a really fancy restaurant .
c_13	0	*	we ate at .
c_13	1		big bowls of beans are what i like .
c_13	1		the big boy was kissed by the drooling dog .
c_13	1		the drooling dog kissed the big boy .
c_13	1		john and the man went to the store .
c_13	0	*	john and very blue went to the store .
c_13	1		bruce loved and kelly hated phonology class .
c_13	0	*	the with milk coffee is hot .
c_13	1		the kangaroo hopped over the truck .
c_13	1		i have n't seen this sentence before .
c_13	1		susan will never sing at weddings .
c_13	1		the officer carefully inspected the license .
c_13	1		every cat always knows the location of her favorite catnip toy .
c_13	1		the cat put her catnip toy on the plastic mat .
c_13	1		the very young child walked from school to the store .
c_13	1		john paid a dollar for a head of lettuce .
c_13	1		teenagers drive rather quickly .
c_13	1		a clever magician with the right equipment can fool the audience easily .
c_13	1		the police might plant the drugs in the apartment .
c_13	1		those olympic hopefuls should practice diligently daily .
c_13	1		the latest research on dieting always warns people about the dangers of too much cholesterol .
c_13	1		that annoying faucet was dripping constantly for months .
c_13	1		marian wonders if the package from boston will ever arrive .
c_13	1		i said that bonny should do some dances from the middle east .
c_13	1		that dan smokes in the office really bothers alina .
c_13	1		the belief that syntactic theory reveals the inner structure of sentences emboldened the already much too cocky professor .
c_13	1		i bought the parrot in the store .
c_13	1		i put the milk in the fridge .
c_13	1		i mailed the sweater to mary .
c_13	1		i knew the man with the brown hair .
c_13	1		john said mary went to the store quickly .
c_13	1		i discovered an old english poem .
c_13	1		susanne gave the minivan to george .
c_13	1		clyde got a passionate love letter from stacy .
c_13	1		he blew out the candle .
c_13	1		he turned off the light .
c_13	1		he blew up the building .
c_13	1		he rode out the storm .
c_13	0	*	shannon kissed quietly the kitten .
c_13	1		shannon left quietly every day .
c_13	1		juliet says that romeo lies to his parents a lot .
c_13	1		the puppy licked the kitten 's face .
c_13	1		it is raining .
c_13	1		fred feels fine .
c_13	1		that bill 's breath smells of onions bothers erin .
c_13	1		susan kissed the clown 's nose .
c_13	1		cedric danced a jolly jig .
c_13	1		dale said that the lawn was overgrown .
c_13	1		gilgamesh cut the steak with a knife .
c_13	1		we drove all the way to buenos aires .
c_13	1		john tagged lewis with a regulation baseball on tuesday .
c_13	1		the big man from new york loves bagels with cream cheese .
c_13	1		susan rode a bright blue train from new york .
c_13	1		the plucky platypus kicked a can of soup from new york to tucson .
c_13	1		john said martha sang the aria with gusto .
c_13	1		martha said john sang the aria from la bohme .
c_13	1		the book of poems with the bright red cover stinks .
c_13	1		louis hinted mary stole the purse deftly .
c_13	1		the extremely tired students hated syntactic trees with a passion .
c_13	1		many soldiers have claimed bottled water satisfies thirst best .
c_13	1		networking helps you grow your business .
c_13	1		i did n't read a single book the whole time i was in the library .
c_13	1		i did not have a red cent .
c_13	1		felicia wrote a fine paper on zapotec .
c_13	1		heidi hit herself on the head with a zucchini .
c_13	0	*	herself hit heidi on the head with a zucchini .
c_13	1		heidi believes any description of herself .
c_13	1		john knew that there would be a picture of himself hanging in the post .
c_13	1		although he loves marshmallows , john is not a big fan of chocolate .
c_13	1		his yearbook picture gives tom the creeps .
c_13	1		marilyn monroe is norma jeane baker .
c_13	1		gene simmons was originally named haim goldberg .
c_13	1		kevin ate spaghetti with a spoon and geordie did so too .
c_13	1		the chef eats beans and serves salads with forks .
c_13	1		i am frightened of tigers .
c_13	1		i am afraid of tigers .
c_13	1		i am fond of circus performers .
c_13	1		i fear tigers .
c_13	1		i like circus performers .
c_13	1		i am afraid of tigers and fond of clowns without exception .
c_13	1		i am frightened of tigers and fond of clowns without exception .
c_13	1		bob is very serious about mary , but less so than paul .
c_13	1		the book of poems with a red cover from blackwell by robert burns takes a very long time to read .
c_13	1		the book of poems with a red cover from blackwell by robert burns takes a very long time to read .
c_13	1		the book of poems from blackwell with a red cover by robert burns takes a very long time to read .
c_13	1		the book of poems from blackwell by robert burns with a red cover takes a very long time to read .
c_13	1		the book of poems by robert burns from blackwell with a red cover takes a very long time to read .
c_13	1		the book of poems by robert burns with a red cover from blackwell takes a very long time to read .
c_13	1		the book of poems with a red cover by robert burns from blackwell takes a very long time to read .
c_13	0	*	the book with a red cover of poems from blackwell by robert burns takes a very long time to read .
c_13	0	*	the book with a red cover from blackwell of poems by robert burns takes a very long time to read .
c_13	0	*	the book with a red cover from blackwell by robert burns of poems takes a very long time to read .
c_13	1		the book of poems with a red cover and with a blue spine takes a very long time to read .
c_13	1		the book of poems and of fiction from blackwell takes a very long time to read .
c_13	0	*	the one of poems with a red cover takes a very long time to read .
c_13	1		i loved the policeman intensely with all my heart .
c_13	0	*	i loved intensely the policeman with all my heart .
c_13	0	*	i loved the policeman the baker intensely with all my heart .
c_13	1		mika loved the policeman intensely and susan did so half heartedly .
c_13	0	*	susan did so the baker .
c_13	1		john fears dogs .
c_13	1		john is afraid of dogs .
c_13	1		two or three books take a very long time to read .
c_13	0	*	two or boring books take a very long time to read .
c_13	1		the red dress with the pink stripes looks good on sandy .
c_13	1		the ugly man from brazil found books of poems in the puddle .
c_13	1		erin never keeps her pencils in the correct drawer .
c_13	1		dan walked to new mexico in the rain last year .
c_13	1		george wrote a volume of poems in latin for jane .
c_13	1		people with boxes of old clothes lined up behind the door of the building with the leaky roof .
c_13	1		that automobile factories abound in michigan worries me greatly .
c_13	1		no one understands that phrase structure rules explain the little understood phenomenon of the infinite length of sentences .
c_13	1		my favorite language is a language with simple morphology and complicated syntax .
c_13	1		ivan got a headache on wednesday from the disgruntled students of phonology from michigan .
c_13	1		the collection of syntax articles with the red cover bores students of syntax in tucson .
c_13	1		the red volume of obscene verse from italy shocked the puritan soul of the minister with the beard quite thoroughly yesterday .
c_13	1		the biggest man in the room said that john danced an irish jig from county kerry to county tipperary on thursday .
c_13	1		a burlap sack of potatoes with mealy skins fell on the professor of linguistics with the terrible taste in t-shirts from the twelfth story .
c_13	1		the bright green filing cabinet was filled to the brim with the most boring articles from a prestigious journal of linguistics with a moderately large readership .
c_13	1		the coat of the panther is dark black .
c_13	1		the roof of the building is leaking .
c_13	1		the hat of the man standing over there impressed me greatly .
c_13	1		the panther 's coat is dark black .
c_13	1		the building 's roof is leaking .
c_13	1		the man standing over there 's hat impressed me greatly .
c_13	0	*	the man 's standing over there hat impressed me greatly .
c_13	0	*	the man standing over there 's the hat impressed me greatly .
c_13	1		the boy ran .
c_13	1		howard is a linguistics student .
c_13	1		peter said that danny danced .
c_13	1		bill wants susan to leave .
c_13	1		peter thinks that cathy loves him .
c_13	1		people selling their stocks caused the crash of 1929 .
c_13	1		for mary to love that boor is a travesty .
c_13	1		i said that mary signed my yearbook .
c_13	1		i want mary to sign my yearbook .
c_13	1		i 've never seen you eat asparagus .
c_13	1		i know you ate asparagus .
c_13	0	*	i 've never seen you ate asparagus .
c_13	0	*	i 've never seen him eats asparagus .
c_13	1		i 've never seen him eat asparagus .
c_13	1		i think that he eats asparagus .
c_13	1		i want to eat asparagus .
c_13	1		i want him to eat asparagus .
c_13	1		i wonder if he eats asparagus .
c_13	1		for him to eat asparagus is a travesty .
c_13	1		i asked for him to eat the asparagus .
c_13	1		i think he will eat asparagus .
c_13	1		fabio asked if claus had run a marathon .
c_13	0	*	fabio asked if had claus run a marathon .
c_13	0	*	fabio asked had if claus run a marathon .
c_13	1		you can lead a horse to water but will it drink ?
c_13	1		he will go .
c_13	1		he goes .
c_13	1		the peanut butter has got moldy .
c_13	1		the swing blasted the golf ball across the green .
c_13	1		that harry loves dancing is evidenced by his shiny tap shoes .
c_13	1		the brazilians pumped the oil across the river .
c_13	1		lenin believes the tsar to be a power hungry dictator .
c_13	1		brezhnev had said for andropov to leave .
c_13	1		yeltsin saw stalin holding the bag .
c_13	1		robert thinks that students should eat asparagus .
c_13	1		robert thinks that student should eat asparagus .
c_13	1		linguistics students like phonetics tutorials .
c_13	1		martha said that bill loved his cheerios in the morning .
c_13	1		eloise wants you to study a new language . assume to = t .
c_13	1		for maurice to quarrel with joel frightened maggie .
c_13	1		no man has ever beaten the centaur .
c_13	0	*	some man has ever beaten the centaur .
c_13	0	*	every man has ever beaten the centaur .
c_13	1		rosemary hates new york .
c_13	0	*	rosemary hates .
c_13	1		jennie smiled .
c_13	0	*	jennie smiled the microwave .
c_13	1		traci gave the whale a lollipop .
c_13	0	*	traci gave the whale .
c_13	0	*	traci gave a lollipop .
c_13	1		ryan hit andrew .
c_13	1		michael accidentally broke the glass .
c_13	1		leah likes cookies .
c_13	1		lorenzo saw the eclipse .
c_13	1		syntax frightens kenny .
c_13	1		alyssa kept her syntax book .
c_13	1		the arrow hit ben .
c_13	1		the psychologist hates phonology .
c_13	1		doug went to chicago .
c_13	1		dave was given the margarita mix .
c_13	1		george gave jessica the book .
c_13	1		daniel received a scolding from hanna .
c_13	1		bob gave steve the syntax assignment .
c_13	1		stacy came directly from linguistics class .
c_13	1		andrew is in tucson 's finest apartment .
c_13	1		chris hacked the computer apart with an axe .
c_13	1		this key will open the door to the linguistics building .
c_13	1		he bought these flowers for aaron .
c_13	1		she cooked matt dinner .
c_13	0	*	john placed the flute .
c_13	1		john put the book on the table .
c_13	1		john put the book on the table with a pair of tongs .
c_13	1		megan loves kevin .
c_13	0	*	megan loves .
c_13	0	*	megan loves jason .
c_13	1		it rained .
c_13	1		it snowed .
c_13	1		it hailed .
c_13	1		that bill loves chocolate is likely .
c_13	1		it is likely that bill likes chocolate .
c_13	1		i put a book on it .
c_13	1		it bit me on the leg .
c_13	1		shannon sent dan an email .
c_13	1		stacy hit a baseball to julia .
c_13	1		jaime danced a jig .
c_13	1		yuko rubbed the pizza with a garlic clove .
c_13	1		it is raining in san francisco .
c_13	1		the stodgy professor left with his teaching assistant .
c_13	1		i played a tune on my ipod .
c_13	1		molly gave calvin a kiss .
c_13	1		mercedes gave a test to the students in the lecture hall .
c_13	1		spot ate a cat treat .
c_13	1		susan ate yesterday at the restaurant .
c_13	1		gwen looked at a fire truck .
c_13	1		michael asked a question .
c_13	1		adam asked if hyacinth likes pineapples .
c_13	1		i feel it is unfortunate that television is so vulgar these days .
c_13	1		that angus hates sushi is mysterious .
c_13	0	*	jennie smiled the sandwich .
c_13	0	*	placed the flute on the table .
c_13	0	*	john placed on the table .
c_13	0	*	john placed the flute the violin on the table .
c_13	0	*	the rock placed the sky with the fork .
c_13	0	*	john placed the flute the table .
c_13	1		john bit the apple .
c_13	1		susan forgave louis .
c_13	1		the jockey rides the horse .
c_13	1		phillip gave the soldier the medal .
c_13	1		the apple was bitten .
c_13	1		louis was forgiven .
c_13	1		the horse was ridden .
c_13	1		the medal was given to the soldier .
c_13	1		the soldier was given the medal .
c_13	1		the apple was bitten by john .
c_13	1		louis was forgiven by susan .
c_13	1		the horse was ridden by the jockey .
c_13	1		the medal was given to the soldier by phillip .
c_13	1		the soldier was given the medal by phillip .
c_13	1		i ate a basket of apples .
c_13	1		i ate .
c_13	1		i think that john likes his beer .
c_13	1		i think john likes his beer .
c_13	0	*	i think for john to like his beer .
c_13	0	*	i think if john likes his beer .
c_13	1		i ordered that john drink his beer .
c_13	1		i ordered john drink his beer .
c_13	0	*	i ordered for john to drink his beer .
c_13	1		i ordered john to drink his beer .
c_13	0	*	i ordered if john drink his beer .
c_13	0	*	i inquired that john like his beer .
c_13	0	*	i inquired john likes his beer .
c_13	0	*	i inquired for john to like his beer .
c_13	0	*	i inquired john to like his beer .
c_13	1		i inquired if john likes his beer .
c_13	1		heidi thinks that andy is eating salmon flavored candy bars .
c_13	1		heidi thinks that andy has eaten salmon flavored candy bars .
c_13	1		heidi thinks that andy will eat salmon flavored candy bars .
c_13	1		heidi thinks that andy eats salmon flavored candy bars .
c_13	1		heidi thinks that the salmon flavored candy bars were eaten .
c_13	1		he has danced .
c_13	1		i had eaten the deep fried muffins .
c_13	1		i have eaten the beef waffles .
c_13	1		i will have eaten the beef waffles .
c_13	1		jeff was dancing with sylvia while amy sat angrily at their table .
c_13	1		the soup had been being eaten when it got spilled .
c_13	1		jeff must have eaten the deep fried muffin .
c_13	0	*	jeff has must eaten the deep fried muffin .
c_13	1		jeff must not have eaten the deep fried muffin .
c_13	0	*	jeff not must have eaten the deep fried muffin .
c_13	1		calvin has a peanut .
c_13	1		susan has a cold .
c_13	1		bill had an accident .
c_13	1		calvin has eaten a peanut .
c_13	1		frank has drunk too much .
c_13	1		bill has been dancing .
c_13	1		dane is a doctor .
c_13	1		jorge was the one .
c_13	1		alex was eating the popsicle .
c_13	1		megan was sat on by her brother .
c_13	1		catherine did her homework .
c_13	1		catherine did not eat .
c_13	1		calvin did not do a back flip .
c_13	1		has bill eaten his tuna ?
c_13	1		is bill eating his tuna ?
c_13	1		did bill eat his dinner ?
c_13	0	*	ate bill his dinner ?
c_13	0	*	has calvin a bowl ?
c_13	1		angus is not leaving .
c_13	1		calvin has not eaten his dinner .
c_13	1		spot did not play with his mouse .
c_13	0	*	calvin ate not his dinner .
c_13	0	*	calvin has not any catnip .
c_13	0	*	angus did not his homework .
c_13	1		i should not eat plums .
c_13	0	*	i have not should eat plums .
c_13	0	*	i must can eat plums .
c_13	0	*	i have should eat plums .
c_13	0	*	i want to should eat plums .
c_13	1		calvin will not eat the beef waffles .
c_13	0	*	calvin not will eat the beef waffles .
c_13	0	*	calvin could will eat the beef waffles .
c_13	0	*	calvin will could eat the beef waffles .
c_13	1		i ate deep fried muffins .
c_13	1		he always eats deep fried muffins .
c_13	0	*	i might ate deep fried muffins .
c_13	0	*	he always might eats deep fried muffins .
c_13	1		he might eat deep fried muffins .
c_13	1		i might eat deep fried muffins .
c_13	1		he will eat deep fried muffins .
c_13	0	*	he will eats deep fried muffins .
c_13	1		sylvia will be slapping jeff upside the head in martial arts class .
c_13	1		sylvia could be slapping jeff upside the head in martial arts class .
c_13	1		sylvia is slapping jeff upside the head in martial arts class .
c_13	1		the cat had eaten .
c_13	1		the cat had been eating .
c_13	1		the tuna had been eaten .
c_13	0	*	the cat had haven eaten .
c_13	1		the cat was leaving .
c_13	1		the tuna was being eaten .
c_13	0	*	the cat was being eating .
c_13	0	*	the cat was having eaten .
c_13	1		the cake was eaten .
c_13	0	*	the cake was been eating .
c_13	0	*	the cake was have eaten .
c_13	1		reggie did not chase the ball .
c_13	1		did calvin eat the beef waffles ?
c_13	1		what did calvin eat ?
c_13	0	*	john must not do have eaten .
c_13	0	*	john must do not have eaten .
c_13	1		the prisoner must have been being interrogated when the supervisor walked into the room and saw what was going on and put a stop to it .
c_13	1		fiona must not eat the sauteed candy canes .
c_13	1		fiona has not eaten the sauteed candy canes .
c_13	1		can fiona eat sauteed candy canes ?
c_13	0	*	i wanted that he should leave .
c_13	0	*	i wanted he should leave .
c_13	0	*	i wanted if he should leave .
c_13	1		i wanted him to leave .
c_13	1		i wanted to leave .
c_13	0	*	heidi investigated that john ate the cauliflower .
c_13	0	*	heidi investigated john ate the cauliflower .
c_13	1		heidi investigated whether john ate the cauliflower .
c_13	1		heidi investigated if john ate the cauliflower .
c_13	0	*	heidi investigated john to eat the cauliflower .
c_13	0	*	heidi investigated to eat the cauliflower .
c_13	1		john said heidi was obsessed with broccoli .
c_13	0	*	john said if heidi was obsessed with broccoli .
c_13	0	*	john said heidi to eat the broccoli .
c_13	1		andy promised that we would go .
c_13	1		andy promised we would go .
c_13	0	*	andy promised if we would go .
c_13	0	*	andy promised us to go .
c_13	1		andy promised to go .
c_13	1		if i were a rich man , i 'd buy a diamond ring .
c_13	0	*	if he is a rich man , he 'd buy a diamond ring .
c_13	1		rory eats .
c_13	1		rory ate muffins .
c_13	1		the muffins were eaten .
c_13	1		rory had eaten the muffins .
c_13	1		rory has eaten the muffins .
c_13	1		rory must have eaten the muffins .
c_13	1		rory may be eating the muffins .
c_13	1		rory will eat the muffins .
c_13	1		rory eats muffins .
c_13	1		rory is eating muffins .
c_13	1		rory might have been eating the muffins .
c_13	1		the muffins might have been being eaten .
c_13	1		the tuna had been being eaten .
c_13	1		calvin will eat .
c_13	1		the tuna will be eaten .
c_13	1		calvin will be eating .
c_13	1		calvin will have eaten .
c_13	1		the tuna will be being eaten .
c_13	1		the tuna will have been eaten .
c_13	1		calvin will have been eating .
c_13	1		calvin was eating .
c_13	1		calvin had eaten .
c_13	1		calvin had been eating .
c_13	1		the tuna must have been eaten .
c_13	1		the tuna will have been being eaten .
c_13	1		he has not eaten yet today .
c_13	1		i have never seen this movie .
c_13	1		i never have a pen when i need it .
c_13	1		i have always loved peanut butter .
c_13	1		i do not love peanut butter .
c_13	1		martha often thinks kim hates phonology .
c_13	1		do you like peanut butter ?
c_13	1		have you always hated peanut butter ?
c_13	1		are you always thinking dirty thoughts ?
c_13	1		bradley left .
c_13	1		stacy left tucson .
c_13	1		john left his wife .
c_13	0	*	i want bradley that left .
c_13	0	*	john thinks that left .
c_13	1		that john will leave is likely .
c_13	1		it is likely that john will leave .
c_13	1		the policeman kissed the puppy .
c_13	1		the puppy was kissed by the policeman .
c_13	1		the puppy was kissed .
c_13	1		john laughed .
c_13	1		the audience laughed .
c_13	0	*	bill is likely john to hit .
c_13	0	*	it was kissed the puppy .
c_13	1		jennifer swatted steve .
c_13	1		steve swatted jennifer .
c_13	1		she swatted him .
c_13	1		he swatted her .
c_13	1		i walk .
c_13	1		you walk .
c_13	1		it is likely that patrick left .
c_13	1		that patrick left is likely .
c_13	0	*	patrick is likely that left .
c_13	0	*	it is likely patrick to leave .
c_13	0	*	patrick to leave is likely .
c_13	1		patrick is likely to leave .
c_13	1		he kissed her .
c_13	1		she was kissed .
c_13	0	*	she was kissed him .
c_13	0	*	it was kissed her .
c_13	1		stacy danced at the palace .
c_13	1		stacy arrived at the palace .
c_13	0	*	there danced three men at the palace .
c_13	0	*	there arrived three men at the palace .
c_13	0	*	it seems sonny to love cher .
c_13	0	*	bill was bitten the dog .
c_13	0	*	donny is likely that left .
c_13	1		the shah slept in a bed .
c_13	1		the bed was slept in by the shah .
c_13	1		dust fell on the bed .
c_13	0	*	the bed was fallen on by the dust .
c_13	1		bill was hit by the baseball .
c_13	0	*	was been hit by bill by the baseball .
c_13	1		bill gave sue the book .
c_13	1		sue was given the book by bill .
c_13	0	*	the book was been given by bill by sue .
c_13	1		i cut the soft bread .
c_13	1		the soft bread cuts easily .
c_13	1		the boat sank .
c_13	1		the torpedo sank the boat .
c_13	1		the captain sank the boat .
c_13	1		the captain sank the boat with a torpedo .
c_13	0	*	was sunk by the boat .
c_13	1		the boat was sunk by the captain with a torpedo .
c_13	1		i sent a book to louis .
c_13	1		i sent louis a book .
c_13	1		a book was sent to louis .
c_13	0	*	louis was sent a book to .
c_13	0	*	to louis was sent a book .
c_13	1		louis was sent a book .
c_13	0	*	a book was sent louis .
c_13	1		john seems to have left .
c_13	1		bill wants john to leave .
c_13	1		john wants bill to leave .
c_13	1		john wants him to leave .
c_13	1		john believes him to have been at the game .
c_13	1		he is believed by john to have been at the game .
c_13	1		he is believed to have been at the game .
c_13	1		becky bought the syntax book .
c_13	1		what did becky buy ?
c_13	1		what did stacy say becky bought ?
c_13	1		matt kissed her .
c_13	1		whom did matt kiss ?
c_13	1		i wonder who jim kissed .
c_13	1		the fact that i like strawberry flavored milk shakes is none of your business .
c_13	1		she made the outrageous claim that tuna flavored milkshakes are good for you .
c_13	1		i asked where you found it .
c_13	1		i wo n't reveal the place .
c_13	1		i asked who she kissed .
c_13	1		i know several people who she kissed .
c_13	1		i know several people she kissed .
c_13	1		i know several people that she kissed .
c_13	1		i know i bought the book you recommended .
c_13	1		i know i bought the book that you recommended .
c_13	1		the guy who is wearing the red hat just hit me !
c_13	1		that guy , who i think might be drunk , just hit me !
c_13	0	*	the man , who i think might be drunk , that is escaping hit me .
c_13	1		what did bill claim that he read ?
c_13	1		what do you think matt kissed ?
c_13	0	*	what did bill make the claim that he read in the syntax book ?
c_13	0	*	which cake did you see the man who baked ?
c_13	1		i wonder what john bought .
c_13	1		how do you think john bought the sweater ?
c_13	0	*	how do you wonder what john bought ?
c_13	1		how do you think john bought what ?
c_13	1		i wonder what john bought how .
c_13	1		i wonder what john kissed .
c_13	0	*	who did you wonder what kissed ?
c_13	1		i asked what john kissed .
c_13	1		that the police would arrest several rioters was a certainty .
c_13	1		i liked mary and john .
c_13	0	*	who did you like and john ?
c_13	1		i ate some popcorn and drank some soda .
c_13	0	*	what did you eat some popcorn and drink ?
c_13	1		who loves who ?
c_13	1		who loves whom ?
c_13	1		shelly loves who ?
c_13	1		fred saw a spaceship in the linguistics lounge ?
c_13	1		what is bothering you ?
c_13	1		who has seen my snorkel ?
c_13	1		how was the plot discovered by the authorities ?
c_13	1		which animals appear to have lost their collars ?
c_13	1		what did jean think was likely to have been stolen ?
c_13	1		car sales have surprised the stockbrokers .
c_13	1		can you find the light bulb store ?
c_13	1		john was bitten by an advertising executive .
c_13	1		it is likely that tami will leave new york .
c_13	1		tami is likely to leave new york .
c_13	1		lucy seems to have been mugged .
c_13	1		what did you buy at the supermarket ?
c_13	1		what is it likely for beth to have bought at the supermarket ?
c_13	1		what is likely to have been bought at the supermarket ?
c_13	1		the trail we walked today was built by slave labor .
c_13	1		bill is always complaining about the guys who work near him .
c_13	1		the cost of bagels that are imported from iceland surprised the teacher who mike hired last week .
c_13	0	*	josh gave clay carefully a book .
c_13	1		josh gave clay a book carefully .
c_13	1		briana showed justin himself .
c_13	0	*	briana showed himself justin .
c_13	1		i blew up the building .
c_13	1		i blew the building up .
c_13	0	*	i blew up it .
c_13	1		i blew it up .
c_13	1		susan sent the package to heidi .
c_13	1		i asked mike if he had seen the yeti .
c_13	1		i bought some flowers for manuel .
c_13	1		i bought manuel some flowers .
c_13	1		jean is likely to leave .
c_13	1		jean is reluctant to leave .
c_13	0	*	jean is likely .
c_13	1		jean wants brian to leave .
c_13	1		jean persuaded brian to leave .
c_13	1		that jean left is likely .
c_13	1		it is likely that jean left .
c_13	0	*	is likely jean to leave .
c_13	0	*	it is reluctant that jean left .
c_13	0	*	that jean left is reluctant .
c_13	1		jean is likely to dance .
c_13	1		the cat is out of the bag .
c_13	1		the cat thinks that he is out of the bag .
c_13	0	*	is likely to jean dance .
c_13	1		it is likely that jean will dance .
c_13	1		jean wants robert .
c_13	1		jean wants him .
c_13	0	*	i want she to dance .
c_13	1		i want jean .
c_13	1		i want jean to dance .
c_13	1		jean wants herself to dance .
c_13	1		jean is reluctant .
c_13	1		to find a new mate , go to a dating service .
c_13	1		jean tried to behave .
c_13	1		robert knows that it is essential to be well behaved .
c_13	1		robert knows that it is essential .
c_13	1		robert knows it is essential that he is well behaved .
c_13	1		louis begged kate to leave .
c_13	0	*	louis begged kate that she leave her job .
c_13	0	*	louis begged kate to shave himself .
c_13	1		louis begged kate that he be allowed to shave himself .
c_13	1		to behave oneself in public is expected .
c_13	1		robert knew that it was necessary to behave himself .
c_13	1		mike expected greg incorrectly to take out the trash .
c_13	1		the boys do n't all want to leave .
c_13	1		robert is eager to do his homework .
c_13	1		jean seems to be in a good mood .
c_13	1		rosemary tried to get a new car .
c_13	1		susan begged bill to let her sing in the concert .
c_13	1		susan begged to be allowed to sing in the concert .
c_13	1		christina is ready to leave .
c_13	1		fred was believed to have wanted to try to dance .
c_13	1		susan consented to try to seem to have been kissed .
c_13	1		alan told me who wanted to seem to be invincible .
c_13	1		what did john want to eat ?
c_13	1		this book is easy to read .
c_13	1		john is easy to please .
c_13	1		to improve myself is a goal for next year .
c_13	1		to improve yourself would be a good idea .
c_13	1		to improve himself , bruce should consider therapy .
c_13	1		to improve herself , jane went to a health spa .
c_13	1		kathleen really hates her job .
c_13	1		my brother likes collecting jazz records .
c_13	1		martina is deathly afraid of spiders .
c_13	1		that kind of behavior annoys me .
c_13	1		the news pleased the students .
c_13	1		horror films disturb milo .
c_13	1		the exhibition really impressed the critics .
c_13	1		kathleen hates those pictures of herself .
c_13	1		the children admired photos of each other .
c_13	1		sandra hates reading about herself in the tabloids .
c_13	1		pictures of himself always disturb milo .
c_13	1		to be able to buy myself a ticket to france would be a dream .
c_13	1		reading about herself in the tabloids always annoys sandra .
c_13	1		brandon has been reading more novels than he has short stories .
c_13	1		robin will eat cabbage but she wo n't ice cream .
c_13	1		john could bake something , but i 'm not sure what .
c_13	1		frank will eat an apple and morgan will too .
c_13	1		frank will eat an apple and morgan will eat an apple too .
c_13	1		calvin will strike himself .
c_13	1		calvin will strike himself and otto will too .
c_13	1		calvin will strike himself and otto will strike himself too .
c_13	1		calvin has dated every girl who jeff has .
c_13	1		calvin has dated every girl who jeff has dated .
c_13	1		i know which guys you 've dated , but i do n't know which guys you have n't .
c_13	0	*	which language do you want to hire someone who speaks ?
c_13	0	*	they want to hire someone who speaks a balkan language , but i do n't know which language .
c_13	1		calvin will fire someone today , but i do n't know who .
c_13	1		peter was talking with someone but i do n't know who .
c_13	1		brandon read every book that megan did .
c_13	1		every book that megan did brandon read too .
c_13	1		darin has eaten more squid than john has octopus .
c_13	1		what does calvin like .
c_13	1		alexandra wants to catch a fish and sylvia does too .
c_13	1		calvin admired himself in the mirror .
c_13	0	*	chris said that himself was sad .
c_13	1		chris wants himself to win .
c_13	1		which pictures of himself did chris see in the gallery ?
c_13	1		chris liked which pictures of himself ?
c_13	1		which pictures of himself did chris like ?
c_13	0	*	heidi believes bill 's description of herself .
c_13	1		heidi thinks that she has won .
c_13	1		heidi thinks that pictures of herself are beautiful .
c_13	1		heidi gave a present to herself .
c_13	1		the army 's destruction of the palace was a tragedy .
c_13	1		the army destroyed the palace .
c_13	1		heidi wants to kiss herself .
c_13	0	*	heidi believes john 's description of herself .
c_13	0	*	heidi dislikes the tv 's depiction of herself .
c_13	1		heidi said that pictures of herself were embarrassing .
c_13	0	*	heidi said that bill 's pictures of herself were embarrassing .
c_13	0	*	chris said that himself was angry .
c_13	1		heidi saw peter 's picture of her .
c_13	1		heidi saw drawings of her .
c_13	1		john loves himself .
c_13	1		john loves pictures of himself .
c_13	0	*	john loves mary 's pictures of himself .
c_13	0	*	john thinks that mary 's depiction of himself is wrong .
c_13	1		john thinks that most depictions of himself are wrong .
c_13	1		john seems to like pictures of himself .
c_13	1		john believes himself to be the best at baseball .
c_13	1		john wants to congratulate himself .
c_13	0	*	john loves him .
c_13	1		john loves his puppy .
c_13	1		john asked if the unflattering description of his work would be published in the paper .
c_13	1		john asked if his essay would be published in the paper .
c_13	0	*	sally kissed himself .
c_13	1		drew believes i think rosie loves magazine ads .
c_13	1		dave , dan , erin , jaime , and alina left .
c_13	1		hopefully , we 'll make it through the winter without snow .
c_13	0	*	blue leather shows herself that betsy is pretty .
c_13	1		gwen hit the baseball .
c_13	0	*	i hit that you knew the answer .
c_13	1		i 've lost my wallet or i 've lost my mind .
c_13	1		it was a brand new car that he bought .
c_13	1		he likes cookies and he hates crumb cake .
c_13	1		they chased the man with the car .
c_13	1		i did n't have a red cent .
c_13	0	*	the book of poems and from blackwell takes a very long time to read .
c_13	1		the one with a red cover takes a very long time to read .
c_13	1		john has a fear of dogs .
c_13	0	*	the building 's the roof is leaking .
c_13	0	*	the panther 's the coat is dark black .
c_13	1		colin asked if they could get a mortgage .
c_13	1		the man i saw get into the cab robbed the bank .
c_13	1		i know you eat asparagus .
c_13	1		john 's drum will always bother me .
c_13	1		an evil thought struck dave .
c_13	1		in the classroom john put the book on the table .
c_13	1		phillip gave the medal to the soldier .
c_13	0	*	heidi thinks that andy to eat salmon flavored candy bars .
c_13	1		heidi thinks that andy should eat salmon flavored candy bars .
c_13	1		he danced .
c_13	0	*	did calvin his homework ?
c_13	1		sylvia was slapping jeff upside the head in martial arts class .
c_13	0	*	if i am a rich man , i 'd buy a diamond ring .
c_13	1		if he were a rich man , he 'd buy a diamond ring .
c_13	1		john is likely to leave .
c_13	1		the manager laughed .
c_13	0	*	was sunk .
c_13	1		who did you think kissed the gorilla ?
c_13	1		have you seen my model airplane collection ?
c_13	1		it seems that lucy was mugged .
c_13	1		i ate a salad that was filled with lima beans .
c_13	1		there were four men arriving at the station when i pulled up .
c_13	1		jean is reluctant to dance .
c_13	1		i want her to dance .
c_13	1		jean persuaded robert .
c_13	1		jean wants bill to do the macarena .
c_13	1		the children admire their mother .
c_13	1		who has peter talked with ?
c_13	1		heidi likes her violin .
c_13	0	*	john thinks that mary loves himself .
c_13	1		which pictures of himself does john like ?
